Conc,Gene_Expression,Cell_Line,Treatment,GL
0,5.51,wild_type,placebo,CsE
1,6.41,wild_type,placebo,CsE
2,5.71,wild_type,placebo,CsE
3,7.94,wild_type,placebo,CsE
4,6.87,wild_type,placebo,CsE
5,7.29,wild_type,placebo,CsE
6,10.04,wild_type,placebo,CsE
7,8.85,wild_type,placebo,CsE
8,8.91,wild_type,placebo,CsE
9,9.68,wild_type,placebo,CsE
10,11.43,wild_type,placebo,CsE
0,4.47,wild_type,placebo,bNo
1,5.12,wild_type,placebo,bNo
2,4.79,wild_type,placebo,bNo
3,5.86,wild_type,placebo,bNo
4,4.3,wild_type,placebo,bNo
5,5.82,wild_type,placebo,bNo
6,9.94,wild_type,placebo,bNo
7,9.02,wild_type,placebo,bNo
8,8.23,wild_type,placebo,bNo
9,8.37,wild_type,placebo,bNo
10,10.47,wild_type,placebo,bNo
0,9.1,wild_type,activating_factor_42,JZC
1,11.88,wild_type,activating_factor_42,JZC
2,15.21,wild_type,activating_factor_42,JZC
3,18.41,wild_type,activating_factor_42,JZC
4,23.81,wild_type,activating_factor_42,JZC
5,25.1,wild_type,activating_factor_42,JZC
6,28.75,wild_type,activating_factor_42,JZC
7,30.99,wild_type,activating_factor_42,JZC
8,36.33,wild_type,activating_factor_42,JZC
9,36,wild_type,activating_factor_42,JZC
10,41.7,wild_type,activating_factor_42,JZC
0,9.69,wild_type,activating_factor_42,fUg
1,12.82,wild_type,activating_factor_42,fUg
2,14.78,wild_type,activating_factor_42,fUg
3,18.27,wild_type,activating_factor_42,fUg
4,21.24,wild_type,activating_factor_42,fUg
5,NA,wild_type,activating_factor_42,fUg
6,24.25,wild_type,activating_factor_42,fUg
7,29.11,wild_type,activating_factor_42,fUg
8,32.79,wild_type,activating_factor_42,fUg
9,32.69,wild_type,activating_factor_42,fUg
10,36.38,wild_type,activating_factor_42,fUg
0,5.35,cell_type_101,placebo,jEK
1,4.01,cell_type_101,placebo,jEK
2,8.53,cell_type_101,placebo,jEK
3,9.9,cell_type_101,placebo,jEK
4,11.66,cell_type_101,placebo,jEK
5,10.7,cell_type_101,placebo,jEK
6,13.65,cell_type_101,placebo,jEK
7,15.98,cell_type_101,placebo,jEK
8,16.74,cell_type_101,placebo,jEK
9,18.44,cell_type_101,placebo,jEK
10,20.21,cell_type_101,placebo,jEK
0,5.81,cell_type_101,placebo,Hoe
1,6.58,cell_type_101,placebo,Hoe
2,9.28,cell_type_101,placebo,Hoe
3,10.71,cell_type_101,placebo,Hoe
4,13.67,cell_type_101,placebo,Hoe
5,13.48,cell_type_101,placebo,Hoe
6,15.2,cell_type_101,placebo,Hoe
7,17.65,cell_type_101,placebo,Hoe
8,19.01,cell_type_101,placebo,Hoe
9,19.93,cell_type_101,placebo,Hoe
10,24.47,cell_type_101,placebo,Hoe
0,8.97,cell_type_101,activating_factor_42,Rza
1,11.62,cell_type_101,activating_factor_42,Rza
2,14.87,cell_type_101,activating_factor_42,Rza
3,15.47,cell_type_101,activating_factor_42,Rza
4,17.29,cell_type_101,activating_factor_42,Rza
5,20.78,cell_type_101,activating_factor_42,Rza
6,22.3,cell_type_101,activating_factor_42,Rza
7,24.37,cell_type_101,activating_factor_42,Rza
8,27.44,cell_type_101,activating_factor_42,Rza
9,30.74,cell_type_101,activating_factor_42,Rza
10,33.96,cell_type_101,activating_factor_42,Rza
0,11.49,cell_type_101,activating_factor_42,xpo
1,15.01,cell_type_101,activating_factor_42,xpo
2,17.88,cell_type_101,activating_factor_42,xpo
3,20.17,cell_type_101,activating_factor_42,xpo
4,26.22,cell_type_101,activating_factor_42,xpo
5,31.77,cell_type_101,activating_factor_42,xpo
6,34.43,cell_type_101,activating_factor_42,xpo
7,36.66,cell_type_101,activating_factor_42,xpo
8,39.26,cell_type_101,activating_factor_42,xpo
9,44.18,cell_type_101,activating_factor_42,xpo
10,48.96,cell_type_101,activating_factor_42,xpo
